{
    "conservative_guess": 2.5,
    "elbow_f05": 10.127964486013928,
    "extend_factor": 2.0,
    "kappa_allcomps_elbow": 33.49621531055218,
    "kappa_elbow_kundu": 29.541146522287338,
    "kappa_nonsig_elbow": 29.541146522287338,
    "kappa_rate": 71.21645971471365,
    "max_good_meanmetricrank": 6.0,
    "median_varex": 2.4636006256102183,
    "n_echos": 4,
    "n_independent_echos": null,
    "n_vols": 218,
    "num_acc_guess": 5,
    "restrict_factor": 2,
    "rho_allcomps_elbow": 23.76630728951088,
    "rho_elbow_kundu": 17.252273134952116,
    "rho_unclassified_elbow": 17.862547629331534,
    "total_var_exp_rejected_components_on_accepted": 0.08403576257982845,
    "varex_lower_thresh": 1.024833086271475,
    "varex_new_lower_thresh": 1.1475188263824478,
    "varex_upper_p": 4.174078978074733,
    "varex_upper_thresh": 1.277607115294517
}